Depot_ID,Depot_latitude,Depot_longitude,Depot_loading,Depot_unloading
1,13.078489839136948,77.54751793266911,200,344
2,13.078175117572968,77.54795298894874,333,444
3,13.07784496848134,77.54895886375127,NULL,NULL
4,13.078187459595085,77.54973641114462,NULL,NULL
5,13.077851139492399,77.55026711809566,NULL,NULL
